{
    "name": "root",
    "gauges": {
        "TwentyDirt.Policy.Entropy.mean": {
            "value": 1.3092200756072998,
            "min": 1.2235691547393799,
            "max": 2.798924446105957,
            "count": 41
        },
        "TwentyDirt.Policy.Entropy.sum": {
            "value": 26213.205078125,
            "min": 24412.65234375,
            "max": 55978.48828125,
            "count": 41
        },
        "TwentyDirt.Step.mean": {
            "value": 819927.0,
            "min": 19920.0,
            "max": 819927.0,
            "count": 41
        },
        "TwentyDirt.Step.sum": {
            "value": 819927.0,
            "min": 19920.0,
            "max": 819927.0,
            "count": 41
        },
        "TwentyDirt.Policy.ExtrinsicValueEstimate.mean": {
            "value": 0.8546384572982788,
            "min": 0.07935208827257156,
            "max": 0.9507460594177246,
            "count": 41
        },
        "TwentyDirt.Policy.ExtrinsicValueEstimate.sum": {
            "value": 144.43389892578125,
            "min": 12.775686264038086,
            "max": 162.57757568359375,
            "count": 41
        },
        "TwentyDirt.Losses.PolicyLoss.mean": {
            "value": 0.06677194496721009,
            "min": 0.06458333686581075,
            "max": 0.07449696705352718,
            "count": 41
        },
        "TwentyDirt.Losses.PolicyLoss.sum": {
            "value": 0.6677194496721008,
            "min": 0.5862365499924634,
            "max": 0.7186813153966795,
            "count": 41
        },
        "TwentyDirt.Losses.ValueLoss.mean": {
            "value": 0.11010144246392883,
            "min": 0.011939432687538849,
            "max": 0.13662092166918297,
            "count": 41
        },
        "TwentyDirt.Losses.ValueLoss.sum": {
            "value": 1.1010144246392883,
            "min": 0.09551546150031079,
            "max": 1.337162162953367,
            "count": 41
        },
        "TwentyDirt.Policy.LearningRate.mean": {
            "value": 0.00020277623640793202,
            "min": 0.00020277623640793202,
            "max": 0.00029877888040704,
            "count": 41
        },
        "TwentyDirt.Policy.LearningRate.sum": {
            "value": 0.0020277623640793203,
            "min": 0.0018466819644394402,
            "max": 0.0029637864120712,
            "count": 41
        },
        "TwentyDirt.Policy.Epsilon.mean": {
            "value": 0.16759206799999998,
            "min": 0.16759206799999998,
            "max": 0.19959296,
            "count": 41
        },
        "TwentyDirt.Policy.Epsilon.sum": {
            "value": 1.67592068,
            "min": 1.5155605600000004,
            "max": 1.9879288000000002,
            "count": 41
        },
        "TwentyDirt.Policy.Beta.mean": {
            "value": 0.0033828441932000006,
            "min": 0.0033828441932000006,
            "max": 0.004979688704,
            "count": 41
        },
        "TwentyDirt.Policy.Beta.sum": {
            "value": 0.033828441932000006,
            "min": 0.030806471943999998,
            "max": 0.04939764712,
            "count": 41
        },
        "TwentyDirt.Environment.EpisodeLength.mean": {
            "value": 891.5217391304348,
            "min": 645.6666666666666,
            "max": 1999.0,
            "count": 41
        },
        "TwentyDirt.Environment.EpisodeLength.sum": {
            "value": 20505.0,
            "min": 17615.0,
            "max": 21987.0,
            "count": 41
        },
        "TwentyDirt.Environment.CumulativeReward.mean": {
            "value": 8.347826086956522,
            "min": 1.8181818181818181,
            "max": 9.6875,
            "count": 41
        },
        "TwentyDirt.Environment.CumulativeReward.sum": {
            "value": 192.0,
            "min": 20.0,
            "max": 227.0,
            "count": 41
        },
        "TwentyDirt.Policy.ExtrinsicReward.mean": {
            "value": 8.347826086956522,
            "min": 1.8181818181818181,
            "max": 9.6875,
            "count": 41
        },
        "TwentyDirt.Policy.ExtrinsicReward.sum": {
            "value": 192.0,
            "min": 20.0,
            "max": 227.0,
            "count": 41
        },
        "TwentyDirt.IsTraining.mean": {
            "value": 1.0,
            "min": 1.0,
            "max": 1.0,
            "count": 41
        },
        "TwentyDirt.IsTraining.sum": {
            "value": 1.0,
            "min": 1.0,
            "max": 1.0,
            "count": 41
        }
    },
    "metadata": {
        "timer_format_version": "0.1.0",
        "start_time_seconds": "1646427427",
        "python_version": "3.9.7 (default, Sep 16 2021, 08:50:36) \n[Clang 10.0.0 ]",
        "command_line_arguments": "/Users/maxhager/opt/anaconda3/bin/mlagents-learn config/TwentyDirt.yaml --run-id=TwentyDirt2 --force",
        "mlagents_version": "0.27.0",
        "mlagents_envs_version": "0.27.0",
        "communication_protocol_version": "1.5.0",
        "pytorch_version": "1.8.1",
        "numpy_version": "1.20.3",
        "end_time_seconds": "1646431027"
    },
    "total": 3599.293061417,
    "count": 1,
    "self": 0.007941625000057684,
    "children": {
        "run_training.setup": {
            "total": 0.07209358300000002,
            "count": 1,
            "self": 0.07209358300000002
        },
        "TrainerController.start_learning": {
            "total": 3599.213026209,
            "count": 1,
            "self": 5.670860835911299,
            "children": {
                "TrainerController._reset_env": {
                    "total": 14.057609333,
                    "count": 1,
                    "self": 14.057609333
                },
                "TrainerController.advance": {
                    "total": 3579.3421347070885,
                    "count": 419378,
                    "self": 2.915550621080456,
                    "children": {
                        "env_step": {
                            "total": 3576.426584086008,
                            "count": 419378,
                            "self": 3000.1251431070004,
                            "children": {
                                "SubprocessEnvManager._take_step": {
                                    "total": 572.6090432220041,
                                    "count": 419378,
                                    "self": 11.901945215916498,
                                    "children": {
                                        "TorchPolicy.evaluate": {
                                            "total": 560.7070980060876,
                                            "count": 418652,
                                            "self": 96.85887833614481,
                                            "children": {
                                                "TorchPolicy.sample_actions": {
                                                    "total": 463.84821966994275,
                                                    "count": 418652,
                                                    "self": 463.84821966994275
                                                }
                                            }
                                        }
                                    }
                                },
                                "workers": {
                                    "total": 3.69239775700359,
                                    "count": 419377,
                                    "self": 0.0,
                                    "children": {
                                        "worker_root": {
                                            "total": 3577.4501012050114,
                                            "count": 419377,
                                            "is_parallel": true,
                                            "self": 832.2542116781169,