{
    "name": "root",
    "gauges": {
        "OneDirt.Policy.Entropy.mean": {
            "value": 2.102884531021118,
            "min": 2.102884531021118,
            "max": 2.102884531021118,
            "count": 1
        },
        "OneDirt.Policy.Entropy.sum": {
            "value": 42326.859375,
            "min": 42326.859375,
            "max": 42326.859375,
            "count": 1
        },
        "OneDirt.Step.mean": {
            "value": 19977.0,
            "min": 19977.0,
            "max": 19977.0,
            "count": 1
        },
        "OneDirt.Step.sum": {
            "value": 19977.0,
            "min": 19977.0,
            "max": 19977.0,
            "count": 1
        },
        "OneDirt.Policy.ExtrinsicValueEstimate.mean": {
            "value": 0.3811867833137512,
            "min": 0.3811867833137512,
            "max": 0.3811867833137512,
            "count": 1
        },
        "OneDirt.Policy.ExtrinsicValueEstimate.sum": {
            "value": 103.30162048339844,
            "min": 103.30162048339844,
            "max": 103.30162048339844,
            "count": 1
        },
        "OneDirt.Environment.EpisodeLength.mean": {
            "value": 107.11351351351351,
            "min": 107.11351351351351,
            "max": 107.11351351351351,
            "count": 1
        },
        "OneDirt.Environment.EpisodeLength.sum": {
            "value": 19816.0,
            "min": 19816.0,
            "max": 19816.0,
            "count": 1
        },
        "OneDirt.Environment.CumulativeReward.mean": {
            "value": 0.9619565217391305,
            "min": 0.9619565217391305,
            "max": 0.9619565217391305,
            "count": 1
        },
        "OneDirt.Environment.CumulativeReward.sum": {
            "value": 177.0,
            "min": 177.0,
            "max": 177.0,
            "count": 1
        },
        "OneDirt.Policy.ExtrinsicReward.mean": {
            "value": 0.9619565217391305,
            "min": 0.9619565217391305,
            "max": 0.9619565217391305,
            "count": 1
        },
        "OneDirt.Policy.ExtrinsicReward.sum": {
            "value": 177.0,
            "min": 177.0,
            "max": 177.0,
            "count": 1
        },
        "OneDirt.Losses.PolicyLoss.mean": {
            "value": 0.06894533852809454,
            "min": 0.06894533852809454,
            "max": 0.06894533852809454,
            "count": 1
        },
        "OneDirt.Losses.PolicyLoss.sum": {
            "value": 0.6205080467528508,
            "min": 0.6205080467528508,
            "max": 0.6205080467528508,
            "count": 1
        },
        "OneDirt.Losses.ValueLoss.mean": {
            "value": 0.01456110135782014,
            "min": 0.01456110135782014,
            "max": 0.01456110135782014,
            "count": 1
        },
        "OneDirt.Losses.ValueLoss.sum": {
            "value": 0.13104991222038126,
            "min": 0.13104991222038126,
            "max": 0.13104991222038126,
            "count": 1
        },
        "OneDirt.Policy.LearningRate.mean": {
            "value": 0.00029682733439088884,
            "min": 0.00029682733439088884,
            "max": 0.00029682733439088884,
            "count": 1
        },
        "OneDirt.Policy.LearningRate.sum": {
            "value": 0.0026714460095179993,
            "min": 0.0026714460095179993,
            "max": 0.0026714460095179993,
            "count": 1
        },
        "OneDirt.Policy.Epsilon.mean": {
            "value": 0.19894244444444442,
            "min": 0.19894244444444442,
            "max": 0.19894244444444442,
            "count": 1
        },
        "OneDirt.Policy.Epsilon.sum": {
            "value": 1.790482,
            "min": 1.790482,
            "max": 1.790482,
            "count": 1
        },
        "OneDirt.Policy.Beta.mean": {
            "value": 0.004947227977777777,
            "min": 0.004947227977777777,
            "max": 0.004947227977777777,
            "count": 1
        },
        "OneDirt.Policy.Beta.sum": {
            "value": 0.0445250518,
            "min": 0.0445250518,
            "max": 0.0445250518,
            "count": 1
        },
        "OneDirt.IsTraining.mean": {
            "value": 1.0,
            "min": 1.0,
            "max": 1.0,
            "count": 1
        },
        "OneDirt.IsTraining.sum": {
            "value": 1.0,
            "min": 1.0,
            "max": 1.0,
            "count": 1
        }
    },
    "metadata": {
        "timer_format_version": "0.1.0",
        "start_time_seconds": "1646763195",
        "python_version": "3.9.7 (default, Sep 16 2021, 08:50:36) \n[Clang 10.0.0 ]",
        "command_line_arguments": "/Users/maxhager/opt/anaconda3/bin/mlagents-learn config/OneDirt.yaml --run-id=OneDirtWithFinalCommentsChangeInBranchesAdjust --force",
        "mlagents_version": "0.27.0",
        "mlagents_envs_version": "0.27.0",
        "communication_protocol_version": "1.5.0",
        "pytorch_version": "1.8.1",
        "numpy_version": "1.20.3",
        "end_time_seconds": "1646763244"
    },
    "total": 48.80901575,
    "count": 1,
    "self": 0.003609458000006782,
    "children": {
        "run_training.setup": {
            "total": 0.07238329200000004,
            "count": 1,
            "self": 0.07238329200000004
        },
        "TrainerController.start_learning": {
            "total": 48.733022999999996,
            "count": 1,
            "self": 0.6693637739999971,
            "children": {
                "TrainerController._reset_env": {
                    "total": 6.834270834,
                    "count": 1,
                    "self": 6.834270834
                },
                "TrainerController.advance": {
                    "total": 41.14752935,
                    "count": 5552,
                    "self": 0.036575268999946786,
                    "children": {
                        "env_step": {
                            "total": 41.11095408100005,
                            "count": 5552,
                            "self": 33.33755035399993,
                            "children": {
                                "SubprocessEnvManager._take_step": {
                                    "total": 7.7285648680000625,
                                    "count": 5552,
                                    "self": 0.14258303200001077,
                                    "children": {
                                        "TorchPolicy.evaluate": {
                                            "total": 7.585981836000052,
                                            "count": 4701,
                                            "self": 0.9286587620003077,
                                            "children": {
                                                "TorchPolicy.sample_actions": {
                                                    "total": 6.657323073999744,
                                                    "count": 4701,
                                                    "self": 6.657323073999744
                                                }
                                            }
                                        }
                                    }
                                },
                                "workers": {
                                    "total": 0.04483885900005724,
                                    "count": 5551,
                                    "self": 0.0,
                                    "children": {
                                        "worker_root": {
                                            "total": 41.067519499999854,
                                            "count": 5551,
                                            "is_parallel": true,
                                            "self": 13.21429095999996,